ID,Fullname,Gender,DoB,Social ID
23CTT1001,Nguyen Van 01,Male,01/02/2005,044205xxxxxx
23CTT1002,Nguyen Van 02,Female,02/02/2005,044205xxxxxx
23CTT1003,Nguyen Van 03,Male,03/02/2005,044205xxxxxx
23CTT1004,Nguyen Van 04,Female,04/02/2005,044205xxxxxx
23CTT1005,Nguyen Van 05,Male,05/02/2005,044205xxxxxx
23CTT1006,Nguyen Van 06,Female,06/02/2005,044205xxxxxx
23CTT1007,Nguyen Van 07,Male,07/02/2005,044205xxxxxx
23CTT1008,Nguyen Van 08,Female,08/02/2005,044205xxxxxx
23CTT1009,Nguyen Van 09,Male,09/02/2005,044205xxxxxx
23CTT1010,Nguyen Van 10,Female,10/02/2005,044205xxxxxx
23CTT1011,Nguyen Van 11,Male,11/02/2005,044205xxxxxx
23CTT1012,Nguyen Van 12,Female,12/02/2005,044205xxxxxx
23CTT1013,Nguyen Van 13,Male,13/02/2005,044205xxxxxx
23CTT1014,Nguyen Van 14,Female,14/02/2005,044205xxxxxx
23CTT1015,Nguyen Van 15,Male,15/02/2005,044205xxxxxx
23CTT1016,Nguyen Van 16,Female,16/02/2005,044205xxxxxx
23CTT1017,Nguyen Van 17,Male,17/02/2005,044205xxxxxx
23CTT1018,Nguyen Van 18,Female,18/02/2005,044205xxxxxx
23CTT1019,Nguyen Van 19,Male,19/02/2005,044205xxxxxx
23CTT1020,Nguyen Van 20,Female,20/02/2005,044205xxxxxx
23CTT1021,Nguyen Van 21,Male,21/02/2005,044205xxxxxx
23CTT1022,Nguyen Van 22,Female,22/02/2005,044205xxxxxx
23CTT1023,Nguyen Van 23,Male,23/02/2005,044205xxxxxx
23CTT1024,Nguyen Van 24,Female,24/02/2005,044205xxxxxx
23CTT1025,Nguyen Van 25,Male,25/02/2005,044205xxxxxx
23CTT1026,Nguyen Van 26,Female,26/02/2005,044205xxxxxx
23CTT1027,Nguyen Van 27,Male,27/02/2005,044205xxxxxx
23CTT1028,Nguyen Van 28,Female,28/02/2005,044205xxxxxx
23CTT1029,Nguyen Van 29,Male,01/03/2005,044205xxxxxx
23CTT1030,Nguyen Van 30,Female,02/03/2005,044205xxxxxx
