CS161,
Introduction to CS,
Dinh Ba Tien,
4,
2,
0,
Mon,
Time,
-1 -1 -1 -1 -1 -1 -1,
CS161,
Introduction to CS,
Dinh Ba Tien,
4,
26,
0,
Mon,
Time,
-1 -1 -1 -1 -1 -1 -1,
CS161,
Introduction to CS,
Dinh Ba Tien,
4,
2,
0,
Mon,
Time,
-1 -1 -1 -1 -1 -1 -1,
CS161,
Introduction to CS,
Dinh Ba Tien,
4,
2,
0,
Mon,
Time,
-1 -1 -1 -1 -1 -1 -1,
CS161,
Introduction to CS,
Dinh Ba Tien,
4,
2,
0,
Mon,
Time,
-1 -1 -1 -1 -1 -1 -1,
CS161,
Introduction to CS,
Dinh Ba Tien,
4,
2,
0,
Mon,
Time,
-1 -1 -1 -1 -1 -1 -1,
CS161,
Introduction to CS,
Dinh Ba Tien,
4,
2,
0,
Mon,
Time,
-1 -1 -1 -1 -1 -1 -1,
CS161,
Introduction to CS,
Dinh Ba Tien,
4,
2,
0,
Mon,
Time,
-1 -1 -1 -1 -1 -1 -1,
CS161,
Introduction to CS,
Dinh Ba Tien,
4,
2,
0,
Mon,
Time,
-1 -1 -1 -1 -1 -1 -1,
CS161,
Introduction to CS,
Dinh Ba Tien,
4,
2,
0,
Mon,
Time,
-1 -1 -1 -1 -1 -1 -1,
CS161,
Introduction to CS,
Dinh Ba Tien,
4,
2,
0,
Mon,
Time,
-1 -1 -1 -1 -1 -1 -1,
CS161,
Introduction to CS,
Dinh Ba Tien,
4,
2,
0,
Mon,
Time,
-1 -1 -1 -1 -1 -1 -1,
CS161,
Introduction to CS,
Dinh Ba Tien,
4,
2,
0,
Mon,
Time,
-1 -1 -1 -1 -1 -1 -1,
CS161,
Introduction to CS,
Dinh Ba Tien,
4,
2,
0,
Mon,
Time,
-1 -1 -1 -1 -1 -1 -1,
CS161,
Introduction to CS,
Dinh Ba Tien,
4,
2,
0,
Mon,
Time,
-1 -1 -1 -1 -1 -1 -1,
CS161,
Introduction to CS,
Dinh Ba Tien,
4,
2,
0,
Mon,
Time,
-1 -1 -1 -1 -1 -1 -1,
CS161,
Introduction to CS,
Dinh Ba Tien,
4,
2,
0,
Mon,
Time,
-1 -1 -1 -1 -1 -1 -1,
CS161,
Introduction to CS,
Dinh Ba Tien,
4,
2,
0,
Mon,
Time,
-1 -1 -1 -1 -1 -1 -1,
CS161,
Introduction to CS,
Dinh Ba Tien,
4,
2,
0,
Mon,
Time,
-1 -1 -1 -1 -1 -1 -1,
CS161,
Introduction to CS,
Dinh Ba Tien,
4,
2,
0,
Mon,
Time,
-1 -1 -1 -1 -1 -1 -1,
CS161,
Introduction to CS,
Dinh Ba Tien,
4,
2,
0,
Mon,
Time,
-1 -1 -1 -1 -1 -1 -1,
CS161,
Introduction to CS,
Dinh Ba Tien,
4,
2,
0,
Mon,
Time,
-1 -1 -1 -1 -1 -1 -1,
CS161,
Introduction to CS,
Dinh Ba Tien,
4,
2,
0,
Mon,
Time,
-1 -1 -1 -1 -1 -1 -1,
CS164,
Data Structure,
Dinh Ba Tien,
4,
2,
0,
3,
Time,
-1 ÿ ÿ ÿ ÿ ÿ ÿ,
cs165,
dsa,
Dinh Ba Tien,
5,
2,
0,
3,
Time,
1 ÿ ÿ ÿ ÿ ÿ ÿ,
